时间,商品名称,库存变化,单笔销量
2026-10-01 15:24:29,台湾地址,初始库存: -2,2
2026-10-01 16:46:54,台湾地址,-2 -> -4,2
2026-10-02 18:57:02,台湾地址,-4 -> -5,1
2026-10-02 19:06:50,台湾地址,-5 -> -6,1
2026-10-03 15:53:49,台湾地址,-6 -> -7,1
2026-10-03 16:37:01,台湾地址,-7 -> -8,1
2026-10-03 16:39:35,台湾地址,-8 -> -9,1
2026-10-04 00:48:27,台湾地址,-9 -> -19,10
2026-10-04 01:08:27,台湾地址,-19 -> -18,-1
2026-10-05 01:04:51,台湾地址,-18 -> -17,-1
2026-10-05 23:54:33,台湾地址,-17 -> -19,2
2026-10-06 01:46:54,台湾地址,-19 -> -9,-10
2026-10-06 11:04:00,台湾地址,-9 -> -11,2
2026-10-06 13:28:10,台湾地址,-11 -> -31,20
2026-10-06 19:51:24,台湾地址,-31 -> -32,1
2026-10-06 19:51:47,台湾地址,-32 -> -31,-1
2026-10-06 19:51:58,台湾地址,-31 -> -32,1
